Name,Industry
Healtify,Mixed
Ealc,Mixed
Hoer,Mixed
Heta,Mixed
Labase,Mixed
Tier,Mixed
Lter,Mixed
Roer,Mixed
Rabase,Mixed
Dataer,Mixed
Atabase,Mixed
Cebase,Mixed
Atal,Mixed
Arer,Mixed
Paer,Mixed
Heac,Mixed
Healio,Mixed
Arbase,Mixed
Erbase,Mixed
Aybase,Mixed
Alter,Mixed
Esbase,Mixed
Teer,Mixed
Cher,Mixed
Lier,Mixed
Cobase,Mixed
Ataly,Mixed
Iter,Mixed
Healter,Mixed
Ther,Mixed
Cker,Mixed
Albase,Mixed
Otbase,Mixed
Eabase,Mixed
Aner,Mixed
Iobase,Mixed
Heath,Mixed
Data,Mixed
Tabase,Mixed
Althio,Mixed
Libase,Mixed
Nger,Mixed
Inbase,Mixed
Heabase,Mixed
Reer,Mixed
Ealbase,Mixed
Dataio,Mixed
Atbase,Mixed
Etbase,Mixed
Dabase,Mixed
Atalt,Mixed
Eter,Mixed
Healy,Mixed
Altio,Mixed
Enbase,Mixed
Daal,Mixed
Anbase,Mixed
Ster,Mixed
Healify,Mixed
Ltal,Mixed
Altha,Mixed
Sher,Mixed
Datio,Mixed
Eally,Mixed
Ealtio,Mixed
Edbase,Mixed
Heala,Mixed
Heally,Mixed
Icbase,Mixed
Aler,Mixed
Iner,Mixed
Pabase,Mixed
Hobase,Mixed
Heaer,Mixed
Exer,Mixed
Eall,Mixed
Datify,Mixed
Ealify,Mixed
Rebase,Mixed
Ecbase,Mixed
Ealtha,Mixed
Healtly,Mixed
Lobase,Mixed
Ecer,Mixed
Atta,Mixed
Oler,Mixed
Ealer,Mixed
Ealta,Mixed
Hean,Mixed
Lebase,Mixed
Dataly,Mixed
Meer,Mixed
Ealther,Mixed
Mabase,Mixed
Ealtify,Mixed
Onbase,Mixed
Hear,Mixed
Heaify,Mixed
Deer,Mixed
Heal,Mixed